,opinion_id,author,recommendation,score,purchased,published_at,purchased_at,thumbs_up,thumbs_down,content,pros,cons
0,14385243,Anna,Polecam,5/5,Transakcja pochodzi z Marketplace Ceneo (usugi Kup Teraz).,2021-04-29 23:44:49,2021-04-21 22:54:19,15,3,Eksperymentuje ciagle nowe przepisy. Czas jaki zajmuje przygotowanie potrawy jest zaskakujcy. Jedzenie smaczne nie przesuszone. Frytki dobre zar贸wno gotowe jak i ze wie偶ych ziemniak贸w. wietny sprzt. Szczerze polecam jest zachwycona mo偶liwociami.,[],[]
1,15946797,d...4,Polecam,5/5,Transakcja pochodzi z Marketplace Ceneo (usugi Kup Teraz).,2022-04-11 20:14:29,2022-03-28 16:22:12,0,0,"Rewelacyjny,  szybko piecze produkty, s chrupkie ,dobrze wysma偶one. 
Po wczeniu odrazu piecze,nie trzeba czeka a偶 si nagrzeje jak piekarnik.  Teraz obiady po pracy stay si przyjemnoci.","['jako wykonania', 'pojemno', 'szybko nagrzewania']",['atwo czyszczenia']
2,15360036,k...a,Polecam,5/5,Transakcja pochodzi z Marketplace Ceneo (usugi Kup Teraz).,2021-12-14 09:42:29,2021-12-03 15:34:29,0,0,"Urzdzenie dobrej jakoci, naprawd przydatne w kuchni, dania wychodz smaczne, a czas przygotowania jest kr贸tszy. Bardzo polecam!","['b.dobry desing', 'efektywno', 'jako wykonania', 'komfort u偶ytkowania', 'atwo czyszczenia', 'pojemno', 'r贸偶norodno potraw', 'szybko nagrzewania']","['cena', 'drogie akcesoria']"
3,14390316,Anna,Polecam,5/5,Transakcja pochodzi z Marketplace Ceneo (usugi Kup Teraz).,2021-04-30 21:16:10,2021-04-18 23:05:21,2,6,"Super produkt. Pyszne jedzenie. Eksperymentuje codziennie z przepis贸w z aplikacji ovi. Paczki zdrowe, miso soczyste, frytki smaczne. Szczerze polecam","['b.dobry desing', 'efektywno', 'jako wykonania', 'komfort u偶ytkowania', 'atwo czyszczenia', 'pojemno', 'r贸偶norodno potraw', 'szybko nagrzewania']",[]
4,14490996,Jarek,Polecam,5/5,Transakcja pochodzi z Marketplace Ceneo (usugi Kup Teraz).,2021-05-20 23:41:06,2021-05-10 16:56:46,2,1,"Na razie si poznajemy ;) Frytki i kurczak wychodz super na programie automatycznym. Zajmuje troch du偶o miejsca wic jest to raczej urzdzenie stacjonarne. Ogrzewanie strumieniem gorcego powietrza jest bardziej efektywne ni偶 w piekarniku wobec tego, lepiej skr贸ci czas przygotowania dania jeli chodzi o czas podany dla piekarnika lub po prostu kontrolowa stan podczas u偶ywania. Z pewnoci bdzie czsto u偶ywane zwaszcza, 偶e nie posiadam piekarnika. Aaaa.. pizza z pudeka niestety nie wchodzi podobnie jak zapiekanka (t trzeba podzieli na p贸) :/","['jako wykonania', 'atwo czyszczenia', 'pojemno', 'szybko nagrzewania']","['cena', 'drogie akcesoria']"
5,14202358,U偶ytkownik Ceneo,Polecam,5/5,Transakcja pochodzi z Marketplace Ceneo (usugi Kup Teraz).,2021-03-30 13:34:30,2021-03-27 13:31:47,0,3,"Intuicyjny w obsudze, adnie prezentuje si, du偶y plus za mo偶liwo czyszczenia w zmywarce","['b.dobry desing', 'efektywno', 'jako wykonania', 'komfort u偶ytkowania', 'atwo czyszczenia', 'pojemno', 'r贸偶norodno potraw', 'szybko nagrzewania']",[]
6,13884929,k...o,Polecam,5/5,Transakcja pochodzi z Marketplace Ceneo (usugi Kup Teraz).,2021-02-02 21:41:02,2021-01-14 16:38:37,3,4,"Super urzdzenie,  opr贸cz  frytek Super nadaje si  do ryb, mis, owoc贸w morza , r贸wnie偶 do pogrzewania potraw","['jako wykonania', 'pojemno', 'szybko nagrzewania']",[]
7,16449755,n...1,Polecam,5/5,Transakcja pochodzi z Marketplace Ceneo (usugi Kup Teraz).,2022-08-24 10:13:37,2022-08-04 09:14:37,1,1,"O zakupie Ovi mylaam ju偶 dawno, niestety cena mnie troch odstraszaa. Na szczcie rodzinka zrobia zrzutk na urodziny i tak to wanie jestem szczliw posiadaczk. Teraz bd kompletowa akcesoria. Do tej pory zd偶yam zrobi kilkukrotnie frytki, podudzia z kurczaka oraz upiec filety do saatki. Wszystko byo chrupice i pyszne. Zdarzyo si mi odgrzewa krokiety z pieczarkami i serem - lepsze ni偶 wie偶e - niebo w gbie. Du偶ym plusem Ovi jest tak偶e czas przyrzdzania, nie musi si do tego rozgrzewa tak dugo jak piekarnik. No c贸偶, Wszystkim 偶ycz takich prezent贸w jeli chodzi o taki drobny sprzt :)  Licz na to ze bdzie wiernie su偶y :)","['b.dobry desing', 'efektywno', 'jako wykonania', 'komfort u偶ytkowania', 'atwo czyszczenia', 'pojemno', 'r贸偶norodno potraw', 'szybko nagrzewania']",[]
8,16183423,Ewa,Polecam,5/5,Transakcja pochodzi z Marketplace Ceneo (usugi Kup Teraz).,2022-06-08 09:20:11,2022-05-27 12:30:42,0,0,"Bardzo adnie wykonane urzdzenie. Szybko si piecze i nie przypala. Nie wiem do czego odnosi si pojemno 7 litr贸w,  piekam sernik z 1 kg sera. To wszystko co si tam zmieci. Ta pojemno mo偶e by problemem przy gotowaniu dla du偶ej liczby os贸b. Mo偶na  upiec 4 kawaki ryby. Plusem jest to, 偶e szybko si nagrzewa i jak potrzeba mo偶na upiec drug porcj. Du偶ym minusem s drogie akcesoria! Mo偶na u偶ywa zwykych foremek do ciasta.  Urzdzenie jest gone, pewnie ze wzgldu na du偶 moc. Pomimo tych niedogodnoci jestem bardzo zadowolona. Nie zamieniam bym na normalny piekarnik. Mam urzdzenie, kt贸re jest mniejsze od piekarnika i nieu偶ywane mog schowa. Mog te偶 zabra na wakacje.","['b.dobry desing', 'efektywno', 'jako wykonania', 'komfort u偶ytkowania', 'atwo czyszczenia', 'pojemno', 'r贸偶norodno potraw', 'szybko nagrzewania']","['cena', 'drogie akcesoria']"
9,13963493,r...r,Polecam,5/5,Transakcja pochodzi z Marketplace Ceneo (usugi Kup Teraz).,2021-02-16 11:59:47,2021-02-13 16:32:51,3,1,"Super urzdzenie bardzo uniwersalne. Szybko si nagrzewa, ma du偶 pojemno, r贸wnomiernie piecze potrawy, dobrze dobiera czas pieczenia do wagi. Frytki wychodz przepyszne ze wie偶ych jak i z mro偶onych ziemniak贸w. Paki z kurczaka czy te偶 cay kurczak naprawd bardzo dobrze przypieczony i soczysty w rodku. Wypr贸bowane jeszcze dania to: babeczki, warzywa grilowane, steki misne, hotdogi, zapiekanki, pizza, papryka faszerowana, grzanki. Og贸lnie warte polecenia urzdzenie. Jedyny minus to cena samego urzdzenia oraz akcesori贸w do niego.","['b.dobry desing', 'efektywno', 'jako wykonania', 'komfort u偶ytkowania', 'atwo czyszczenia', 'pojemno', 'szybko nagrzewania']",[]
10,13927673,d...r,Polecam,5/5,Transakcja pochodzi z Marketplace Ceneo (usugi Kup Teraz).,2021-02-09 23:28:15,2021-01-23 20:01:36,5,1,"Najlepiej wychodz frytki mro偶one, bo s chrupkie i smaczne. Podobinie np. podudzia kruczaka, czy te偶 same warzywa (marchew, cukinia, papryka surowa, cebula czerwona), troch posolone, popieprzone i polane olejem i nastpnie wrzucone do kosza. Od miesica u偶ywam i bardzo sobie chwal.","['jako wykonania', 'atwo czyszczenia', 'pojemno', 'szybko nagrzewania']",[]
11,13967456,Marek,Polecam,"4,5/5",Transakcja pochodzi z Marketplace Ceneo (usugi Kup Teraz).,2021-02-16 21:52:19,2021-02-06 16:33:09,0,0,"Jako wykonania to absolutnie TOP je偶eli chodzi o AGD . Bardzo adnie si prezentuje. U偶ywamy dopiero 2 tygodnie ale wstpna ocena jest BARDZO POZYTYWNA. Doskonae frytki ( dziki maej iloci dodanego oleju frytownica nie dymi ) , wietne udka z kurczaka, soczyste ( w tym wypadku dymu byo sporo ).","['jako wykonania', 'atwo czyszczenia', 'pojemno', 'szybko nagrzewania']",[]
12,14429664,m...s,Polecam,5/5,Transakcja pochodzi z Marketplace Ceneo (usugi Kup Teraz).,2021-05-08 21:32:35,2021-04-28 20:00:50,4,0,"Rewelacja. Mam 3 dzieci najmodsze 11 lat. Wszyscy pokochali to urzdzenie. Kupiem frytki, nuggety, i inne mro偶onki. Jestem spokojny. Dzieci nie s godne. Wycigaj mro偶onki z zamra偶arki wkadaj do urzdzenia. jednen przycisk i po temacie. RE - WE - LA CJA","['jako wykonania', 'atwo czyszczenia', 'pojemno', 'szybko nagrzewania']",[]
13,16268721,p...1,Polecam,4/5,Transakcja pochodzi z Marketplace Ceneo (usugi Kup Teraz).,2022-06-30 12:26:15,2022-06-27 12:19:51,2,0,"Urzdzenie dziaa. Frytki s naprawd dobre. Jeli chodzi o opcje, ustawienia urzdzenia to szau nie ma ale jest jeszcze za wczenie aby ocenia inne funkcjonalnoci ""maszyny"". Poza tym stare dobre przysowie m贸wi: ""nie chwal dnia przed zachodem soca"" ...","['jako wykonania', 'atwo czyszczenia', 'pojemno', 'szybko nagrzewania']","['cena', 'drogie akcesoria']"
14,13423752,a...4,Polecam,5/5,Transakcja pochodzi z Marketplace Ceneo (usugi Kup Teraz).,2020-11-21 19:25:11,2020-11-16 20:04:40,4,5,Bardzo fajne i przydatne urzdzenie. Frytki pyszne chrupice. Program dla 1 kg mro偶onych trwa ok 20 min. Innych  potraw jeszcze nie przygotowywaem bo za kr贸tko posiadam sprzt ale mam nadziej 偶e bd tak samo bardzo dobre. Polecam szybko zdrowo bez tuszczu,[],[]
15,16776600,d...a,Polecam,5/5,Transakcja pochodzi z Marketplace Ceneo (usugi Kup Teraz).,2022-11-22 12:34:10,2022-11-19 14:30:32,0,0,"Produkt posiadam kilka dni, a ju偶 si w nim zakochaam. Kurczak pieczony z tego urzdzenia jest rewelacyjny. P贸ki co wszystkie potrawy wykonane w tym urzdzeniu s super. Polecam PHILIPS Ovi Smart XXL HD9867/90 wszystkim niezdecydowanym.","['b.dobry desing', 'efektywno', 'jako wykonania', 'komfort u偶ytkowania', 'atwo czyszczenia', 'pojemno', 'r贸偶norodno potraw', 'szybko nagrzewania']",[]
16,15413874,Paulina,Polecam,4/5,Transakcja pochodzi z Marketplace Ceneo (usugi Kup Teraz).,2021-12-22 22:52:03,2021-11-10 22:42:23,0,0,Przyjemne urzdzenie. Okreliabym 偶e pomidzy  mikrofal a piecykiem. Jeli chodzi o frytki trzeba wypracowa sobie wasne ustawienia. Z reszt programy nie koniecznie s potrzebne tym bardziej 偶e si czsto nie sprawdzaj.,"['jako wykonania', 'atwo czyszczenia', 'pojemno', 'szybko nagrzewania']",[]
17,15637444,r...a,Polecam,5/5,Transakcja pochodzi z Marketplace Ceneo (usugi Kup Teraz).,2022-01-31 23:38:56,2022-01-10 11:24:02,0,0,"Produkt super wszystko wychodzi pyszne, ale niestety zam贸wiony u konkurencji poniewa偶 nonet kaza mi czeka ponad 2tyg I produkt cay czas by w zam贸wieniu niezrealizowanym.....","['b.dobry desing', 'efektywno', 'jako wykonania', 'komfort u偶ytkowania', 'atwo czyszczenia', 'pojemno', 'r贸偶norodno potraw', 'szybko nagrzewania']","['cena', 'drogie akcesoria']"
18,16155898,w...l,Polecam,5/5,Transakcja pochodzi z Marketplace Ceneo (usugi Kup Teraz).,2022-06-01 10:35:35,2022-04-29 17:00:33,0,0,Genialny. Wszystko pyszne. W podstawowym wyposa偶eniu   te偶 mo偶na zapiec kanapk czy np. faszerowane pieczarki. Udka gotowe w 30 min. atwo si rozmontowuje do mycia.,"['jako wykonania', 'atwo czyszczenia', 'pojemno', 'szybko nagrzewania']",[]
19,14038839,h...l,Nie polecam,2/5,Transakcja pochodzi z Marketplace Ceneo (usugi Kup Teraz).,2021-03-01 19:33:50,2021-01-29 14:33:35,8,2,Wykonanie bardzo dobre ale niestety przede wszystkim do frytek . Podczas przygotowania ryby strasznie dymi i nawet zaczy system przeciwpo偶arowy a serwis Philips napisa ze to normalne podczas przygotowania zamro偶onej ryby  .,[],[]
20,14243543,k...1,Polecam,5/5,Transakcja pochodzi z Marketplace Ceneo (usugi Kup Teraz).,2021-04-07 10:56:00,2021-03-21 16:32:17,0,0,"Super dziaa, aplikacja z przepisami ma super przepisy do tego frajera. Sporo miejsca zajmuje ale warto. Pizza odgrzana w nim kurde jest pyszna nawet 2 dni p贸藕niej.","['jako wykonania', 'atwo czyszczenia', 'pojemno', 'szybko nagrzewania']",[]
21,13755045,d...0,Polecam,5/5,Transakcja pochodzi z Marketplace Ceneo (usugi Kup Teraz).,2021-01-12 14:53:05,2021-01-06 00:42:56,0,3,"Zbyt kr贸tki okres,aby oceni caociowo urzdzenie.Wyglda bardzo adnie.Wykonany jest z dobrych materia贸w.Frytki s smaczne.Uwa偶am,偶e dalej bdzie podobnie.olecam.Andrzej.","['jako wykonania', 'atwo czyszczenia', 'pojemno', 'szybko nagrzewania']",[]
22,16835718,Wiesaw,Polecam,5/5,Transakcja pochodzi z Marketplace Ceneo (usugi Kup Teraz).,2022-12-05 23:27:31,2022-11-26 16:00:43,0,0,"Bardzo dobre urzdzenie. Baem si, 偶e frytki bd niesmaczne, ale s przedobre. Inne potrawy r贸wnie偶 super. Polecam wszystkim niezdecydowanym jeszcze.","['b.dobry desing', 'efektywno', 'jako wykonania', 'komfort u偶ytkowania', 'atwo czyszczenia', 'pojemno', 'r贸偶norodno potraw', 'szybko nagrzewania']",[]
23,13771399,Andrzej,Polecam,5/5,Transakcja pochodzi z Marketplace Ceneo (usugi Kup Teraz).,2021-01-14 15:59:49,2020-12-13 20:39:32,2,0,"jako z g贸rnej p贸ki ,dobry dla zdrowia ,maa ilo oleju a potrawy b.smaczne","['b.dobry desing', 'atwo czyszczenia', 'pojemno', 'szybko nagrzewania']",[]
24,14053867,b...a,Polecam,"4,5/5",Transakcja pochodzi z Marketplace Ceneo (usugi Kup Teraz).,2021-03-03 22:44:28,2021-02-21 16:19:09,2,0,"Bardzo estetyczny produkt, a najwa偶niejsze, to umo偶liwia przygotowanie zdrowych, beztuszczowych da. Warto zainwestowa.",[],[]
25,13969099,b...l,Polecam,5/5,Transakcja pochodzi z Marketplace Ceneo (usugi Kup Teraz).,2021-02-17 08:14:42,2021-02-07 18:56:55,0,1,"Rewelacja!!! 
Posiadam produkt od dw贸ch tygodni i jestem mega zadowolonaぉ. Wszystko smaczne, zdrowe i chrupice. Speni moje oczekiwania!","['b.dobry desing', 'efektywno', 'jako wykonania', 'komfort u偶ytkowania', 'atwo czyszczenia', 'pojemno', 'szybko nagrzewania']",[]
26,13282333,k...2,Polecam,"4,5/5",Transakcja pochodzi z Marketplace Ceneo (usugi Kup Teraz).,2020-10-27 22:43:15,2020-10-18 17:35:25,3,0,"Bardzo wygodny, szybki. Du偶ym plusem jest aplikacja z przepisami. Objto dobra dla dw贸ch os贸b.","['jako wykonania', 'atwo czyszczenia', 'szybko nagrzewania']",['pojemno']
27,15467928,k...2,Polecam,5/5,Transakcja pochodzi z Marketplace Ceneo (usugi Kup Teraz).,2021-12-29 13:12:48,2021-12-28 14:01:57,0,0,"Produkt jak najbardziej OK, w peni speni moje oczekiwania wykonanie na najwy偶szym poziomie wart swojej ceny polecam",[],[]
28,15620275,a...8,Polecam,5/5,Transakcja pochodzi z Marketplace Ceneo (usugi Kup Teraz).,2022-01-27 19:33:31,2021-12-28 16:30:47,0,0,"Moja druga zona hehe. Mega przydatny, dziaa swietnie a jedzonko petarda. Dajnie zjesc sobie grilla w srodku zimy","['b.dobry desing', 'efektywno', 'jako wykonania', 'komfort u偶ytkowania', 'atwo czyszczenia', 'pojemno', 'r贸偶norodno potraw', 'szybko nagrzewania']",[]
29,14080637,Sawomir,Polecam,5/5,Transakcja pochodzi z Marketplace Ceneo (usugi Kup Teraz).,2021-03-09 11:07:27,2021-03-07 12:35:14,0,0,"Bardzo adnie si prezentuje, rewelacyjnie skraca czas pieczenia. Na razie si ucz jego obsugi.","['b.dobry desing', 'jako wykonania', 'komfort u偶ytkowania', 'atwo czyszczenia', 'pojemno', 'szybko nagrzewania']",[]
30,17069602,s...z,Polecam,5/5,Transakcja pochodzi z Marketplace Ceneo (usugi Kup Teraz).,2023-01-27 09:32:08,2023-01-19 20:11:03,0,0,"super produkt, bardzo fajnie wykonany, wszystko dobrze dziaa, przygotowanie posik贸w superowe","['jako wykonania', 'atwo czyszczenia', 'pojemno', 'szybko nagrzewania']",[]
31,13894155,s...a,Polecam,5/5,Transakcja pochodzi z Marketplace Ceneo (usugi Kup Teraz).,2021-02-03 22:51:40,2021-01-24 15:23:49,0,0,Urzdzenie wietne i polecam ka偶demu komu zale偶y na zdrowym przygotowywaniu swoich posik贸w !,"['jako wykonania', 'atwo czyszczenia', 'pojemno', 'szybko nagrzewania']",[]
32,13641153,j...1,Polecam,5/5,Transakcja pochodzi z Marketplace Ceneo (usugi Kup Teraz).,2020-12-23 23:03:11,2020-12-13 21:43:39,2,0,"Fryteczki super, paki z kurczaka r贸wnie偶. Jestem zadowolona z zakupu","['jako wykonania', 'atwo czyszczenia', 'pojemno', 'szybko nagrzewania']",[]
33,12923241,s...r,Polecam,"4,5/5",Transakcja pochodzi z Marketplace Ceneo (usugi Kup Teraz).,2020-08-08 08:39:02,2020-07-29 13:25:24,3,0,"Bardzo pomocne. Szybko gotowania, pieczenia imponujce.","['efektywno', 'jako wykonania', 'komfort u偶ytkowania', 'atwo czyszczenia', 'pojemno', 'szybko nagrzewania']",[]
34,13531264,k...1,Polecam,5/5,Transakcja pochodzi z Marketplace Ceneo (usugi Kup Teraz).,2020-12-08 21:47:10,2020-11-28 23:28:04,1,0,"wietny produkt dla zapracowanych, chccych zje szybko i zdrowo :) polecam","['jako wykonania', 'atwo czyszczenia', 'pojemno', 'szybko nagrzewania']",[]
35,13994349,RAFA,Polecam,5/5,Transakcja pochodzi z Marketplace Ceneo (usugi Kup Teraz).,2021-02-21 08:17:09,2021-02-16 14:49:01,0,0,"wietne urzdzenie,jak na razie zrobione frytki,skrydeka,kanapki na ciepo,Rewelacja,","['b.dobry desing', 'efektywno', 'jako wykonania', 'komfort u偶ytkowania', 'atwo czyszczenia', 'pojemno', 'szybko nagrzewania']",[]
36,13958921,l...4,Polecam,5/5,Transakcja pochodzi z Marketplace Ceneo (usugi Kup Teraz).,2021-02-15 19:02:16,2021-01-16 09:39:18,0,0,Polecam wszystkim jako wykonania na wysokim poziomie. Sprawuje si bardzo dobrze.,"['jako wykonania', 'atwo czyszczenia', 'pojemno', 'szybko nagrzewania']",[]
37,13314805,z...a,Polecam,5/5,Transakcja pochodzi z Marketplace Ceneo (usugi Kup Teraz).,2020-11-03 11:48:48,2020-10-22 12:43:50,3,0,Szczerze polecam. Przyjemnie si z niego korzysta.,"['efektywno', 'jako wykonania', 'komfort u偶ytkowania', 'atwo czyszczenia', 'pojemno', 'szybko nagrzewania']",[]
38,17373796,a...m,Polecam,5/5,Transakcja pochodzi z Marketplace Ceneo (usugi Kup Teraz).,2023-04-07 06:59:23,2023-03-22 15:30:39,0,0,Super urzdzenie. Bardzo skraca czas pieczenia i do tego bez nadmiaru tluszcu .,"['b.dobry desing', 'efektywno', 'jako wykonania', 'komfort u偶ytkowania', 'atwo czyszczenia', 'pojemno', 'r贸偶norodno potraw', 'szybko nagrzewania']","['cena', 'drogie akcesoria']"
39,13179197,a...a,Polecam,5/5,Transakcja pochodzi z Marketplace Ceneo (usugi Kup Teraz).,2020-10-08 20:52:15,2020-09-29 09:00:03,1,1,"Sprzt rewelacyjny. Jedzenie przepyszne, szybko i bez zbdnych zapach贸w.",[],[]
40,16622518,a...3,Polecam,5/5,Transakcja pochodzi z Marketplace Ceneo (usugi Kup Teraz).,2022-10-12 11:50:18,2022-10-08 22:11:37,0,0,"Super produkt ,bardzo smaczne potrawy oraz r贸偶norodne, szczerze polecam.","['b.dobry desing', 'efektywno', 'jako wykonania', 'komfort u偶ytkowania', 'atwo czyszczenia', 'pojemno', 'r贸偶norodno potraw', 'szybko nagrzewania']","['cena', 'drogie akcesoria']"
41,13687864,i...k,Polecam,5/5,Transakcja pochodzi z Marketplace Ceneo (usugi Kup Teraz).,2020-12-31 08:01:43,2020-12-11 08:39:55,0,0,"Bardzo dobre wykonanie , sprawio rado  caej rodzinie .","['efektywno', 'jako wykonania', 'komfort u偶ytkowania', 'atwo czyszczenia', 'pojemno', 'szybko nagrzewania']",[]
42,13500304,j...8,Polecam,"4,5/5",Transakcja pochodzi z Marketplace Ceneo (usugi Kup Teraz).,2020-12-03 21:36:43,2020-11-24 19:13:30,2,1,"Wszystko super, tylko pojemno troch maa...","['efektywno', 'jako wykonania', 'komfort u偶ytkowania', 'atwo czyszczenia', 'szybko nagrzewania']",['pojemno']
43,13221807,e...a,Polecam,5/5,Transakcja pochodzi z Marketplace Ceneo (usugi Kup Teraz).,2020-10-15 21:08:59,2020-10-12 17:01:32,0,0,Potrawy chrupice na zewntrz i delikatne w rodku.,"['jako wykonania', 'atwo czyszczenia', 'pojemno', 'szybko nagrzewania']",[]
44,13058688,s...1,Polecam,5/5,Transakcja pochodzi z Marketplace Ceneo (usugi Kup Teraz).,2020-09-08 13:21:10,2020-09-06 20:45:51,1,0,Bardzo elegancki i zgrabny super kolory.,"['jako wykonania', 'atwo czyszczenia', 'pojemno', 'szybko nagrzewania']",[]
45,13247279,p...9,Polecam,5/5,Transakcja pochodzi z Marketplace Ceneo (usugi Kup Teraz).,2020-10-21 09:37:01,2020-10-11 16:00:45,1,0,Produkt bardzo atwy w obsudze.,"['jako wykonania', 'atwo czyszczenia', 'pojemno', 'szybko nagrzewania']",[]
46,14502323,a...s,Polecam,5/5,Transakcja pochodzi z Marketplace Ceneo (usugi Kup Teraz).,2021-05-24 08:06:19,2021-04-21 13:57:06,0,0,Bardzo przydatny w kuchni osoby pracujacej,"['b.dobry desing', 'efektywno', 'jako wykonania', 'komfort u偶ytkowania', 'atwo czyszczenia', 'pojemno', 'r贸偶norodno potraw', 'szybko nagrzewania']",[]
47,16926028,d...i,Polecam,5/5,Transakcja pochodzi z Marketplace Ceneo (usugi Kup Teraz).,2022-12-24 07:03:46,2022-12-13 08:48:21,0,0,bardzo fajna maszyna do domowej kuchni.,[],[]
48,15291205,j...a,Polecam,5/5,Transakcja pochodzi z Marketplace Ceneo (usugi Kup Teraz).,2021-12-01 22:46:16,2021-11-19 10:10:03,0,0,"Nowoczesny design,przydatny w kuchni","['jako wykonania', 'atwo czyszczenia', 'szybko nagrzewania']",[]
49,16440362,w...6,Polecam,5/5,Transakcja pochodzi z Marketplace Ceneo (usugi Kup Teraz).,2022-08-20 23:11:33,2022-08-05 12:16:07,0,0,Frytki s super inne potrawy r贸wnie偶,[],[]
50,15884007,a...7,Polecam,5/5,Transakcja pochodzi z Marketplace Ceneo (usugi Kup Teraz).,2022-03-29 08:35:22,2022-03-20 12:00:49,0,0,Rewelacyjny produkt gorco polecam,"['jako wykonania', 'atwo czyszczenia', 'pojemno', 'szybko nagrzewania']",[]
51,15675186,i...j,Polecam,"4,5/5",Transakcja pochodzi z Marketplace Ceneo (usugi Kup Teraz).,2022-02-09 00:27:47,2022-01-09 00:23:01,0,0,Doskonale spenia swoje funkcje,[],[]
52,13117162,b...a,Polecam,5/5,Transakcja pochodzi z Marketplace Ceneo (usugi Kup Teraz).,2020-09-23 11:55:32,2020-09-18 13:15:19,0,0,"super smacznie, szybko i zdrowo","['efektywno', 'jako wykonania', 'komfort u偶ytkowania', 'atwo czyszczenia', 'pojemno', 'szybko nagrzewania']",[]
53,16456672,h...a,Polecam,"4,5/5",Transakcja pochodzi z Marketplace Ceneo (usugi Kup Teraz).,2022-08-25 19:50:05,2022-08-10 09:29:00,0,0,Urzdzenie rewelacja polecam,[],[]
54,15697198,s...b,Polecam,5/5,Transakcja pochodzi z Marketplace Ceneo (usugi Kup Teraz).,2022-02-13 22:05:44,2022-01-20 22:12:16,0,0,"Super, polecam wszystkim.","['b.dobry desing', 'efektywno', 'jako wykonania', 'komfort u偶ytkowania', 'atwo czyszczenia', 'pojemno', 'szybko nagrzewania']",[]
55,15729411,b...2,Polecam,5/5,Transakcja pochodzi z Marketplace Ceneo (usugi Kup Teraz).,2022-02-20 20:17:10,2022-01-22 08:37:13,0,0,Spenia moje oczekiwania,"['jako wykonania', 'atwo czyszczenia', 'pojemno', 'szybko nagrzewania']",[]
56,16014927,d...6,Polecam,5/5,Transakcja pochodzi z Marketplace Ceneo (usugi Kup Teraz).,2022-04-27 17:00:31,2022-03-27 19:01:52,0,0,Jak najbardziej polecam,"['jako wykonania', 'atwo czyszczenia', 'pojemno', 'szybko nagrzewania']",[]
57,13583878,g...a,Polecam,5/5,Transakcja pochodzi z Marketplace Ceneo (usugi Kup Teraz).,2020-12-15 20:52:52,2020-12-08 19:44:15,0,0,Produkt godny polecenia,"['jako wykonania', 'atwo czyszczenia', 'pojemno', 'szybko nagrzewania']",[]
58,13747772,r...2,Polecam,5/5,Transakcja pochodzi z Marketplace Ceneo (usugi Kup Teraz).,2021-01-11 14:56:39,2021-01-06 11:49:36,0,0,"Eleganckie, praktyczne","['jako wykonania', 'atwo czyszczenia', 'pojemno', 'szybko nagrzewania']",[]
59,17660605,a...8,Polecam,5/5,Transakcja pochodzi z Marketplace Ceneo (usugi Kup Teraz).,2023-06-29 15:54:20,2023-06-28 16:30:39,0,0,wietnie urzdzenie!,"['b.dobry desing', 'efektywno', 'jako wykonania', 'komfort u偶ytkowania', 'atwo czyszczenia', 'pojemno', 'szybko nagrzewania']","['cena', 'drogie akcesoria', 'r贸偶norodno potraw']"
60,13850562,e...k,Polecam,5/5,Transakcja pochodzi z Marketplace Ceneo (usugi Kup Teraz).,2021-01-27 20:26:02,2021-01-15 10:15:19,0,0,Bardzo fajna maszyna,"['jako wykonania', 'atwo czyszczenia', 'pojemno', 'szybko nagrzewania']",[]
61,14214977,j...r,Polecam,5/5,Transakcja pochodzi z Marketplace Ceneo (usugi Kup Teraz).,2021-04-01 09:10:33,2021-03-14 23:20:42,0,0,Bardzo przydatny.,"['b.dobry desing', 'efektywno', 'jako wykonania', 'komfort u偶ytkowania', 'atwo czyszczenia', 'pojemno', 'r贸偶norodno potraw', 'szybko nagrzewania']",[]
62,17042444,i...3,Polecam,5/5,Transakcja pochodzi z Marketplace Ceneo (usugi Kup Teraz).,2023-01-20 11:13:15,2023-01-04 19:00:39,0,0,Super urzdzenie,"['jako wykonania', 'atwo czyszczenia', 'pojemno', 'szybko nagrzewania']",[]
63,15635378,p...1,Polecam,5/5,Transakcja pochodzi z Marketplace Ceneo (usugi Kup Teraz).,2022-01-31 16:16:10,2022-01-29 10:00:52,0,0,呕ona zadowolona!,"['jako wykonania', 'atwo czyszczenia', 'pojemno', 'szybko nagrzewania']",[]
64,16066147,b...4,Polecam,5/5,Transakcja pochodzi z Marketplace Ceneo (usugi Kup Teraz).,2022-05-10 19:00:41,2022-04-10 10:35:56,0,0,Wszystko super,"['jako wykonania', 'atwo czyszczenia', 'pojemno', 'szybko nagrzewania']",[]
65,15533520,o...a,Polecam,5/5,Transakcja pochodzi z Marketplace Ceneo (usugi Kup Teraz).,2022-01-11 07:56:43,2021-12-25 08:31:54,0,0,Super sprzt,[],[]
66,15178545,K...a,Polecam,"4,5/5",Transakcja pochodzi z Marketplace Ceneo (usugi Kup Teraz).,2021-11-08 10:09:08,2021-10-29 19:45:21,0,0,Super sprzt,[],[]
67,15608177,a...z,Polecam,5/5,Transakcja pochodzi z Marketplace Ceneo (usugi Kup Teraz).,2022-01-25 14:33:27,2021-11-12 23:26:15,0,0,Dobra jako,[],"['jako wykonania', 'atwo czyszczenia', 'pojemno', 'szybko nagrzewania']"
68,14031116,m...6,Polecam,5/5,Transakcja pochodzi z Marketplace Ceneo (usugi Kup Teraz).,2021-02-27 10:08:24,2021-02-10 17:32:41,0,0,Polecam !!!,"['jako wykonania', 'atwo czyszczenia', 'pojemno', 'szybko nagrzewania']",[]
69,15683946,lucynahayek1*****,Polecam,5/5,Transakcja pochodzi z Marketplace Ceneo (usugi Kup Teraz).,2022-02-10 12:08:01,2022-02-03 23:10:11,0,0,Rewolucja,"['atwo czyszczenia', 'pojemno', 'szybko nagrzewania']",[]
70,13510238,j...z,Polecam,5/5,Transakcja pochodzi z Marketplace Ceneo (usugi Kup Teraz).,2020-12-04 22:40:14,2020-11-18 21:23:45,0,0,OK.Polecam,"['jako wykonania', 'atwo czyszczenia', 'pojemno', 'szybko nagrzewania']",[]
71,16025692,Artur-es1*****,Polecam,"4,5/5",Transakcja pochodzi z Marketplace Ceneo (usugi Kup Teraz).,2022-04-29 12:53:53,2022-02-17 19:50:56,0,0,Doskonay,"['b.dobry desing', 'efektywno', 'jako wykonania', 'komfort u偶ytkowania', 'atwo czyszczenia', 'pojemno', 'r贸偶norodno potraw', 'szybko nagrzewania']",[]
72,13891840,r...1,Polecam,5/5,Transakcja pochodzi z Marketplace Ceneo (usugi Kup Teraz).,2021-02-03 19:35:16,2021-01-24 12:32:28,0,0,Jest ok,"['jako wykonania', 'atwo czyszczenia', 'pojemno', 'szybko nagrzewania']",[]
73,13626441,o...l,Polecam,5/5,Transakcja pochodzi z Marketplace Ceneo (usugi Kup Teraz).,2020-12-22 07:54:48,2020-12-10 15:13:39,0,0,Polecam,[],[]
74,13477101,s...b,Polecam,5/5,Transakcja pochodzi z Marketplace Ceneo (usugi Kup Teraz).,2020-12-01 11:14:39,2020-11-11 23:00:45,0,0,Super,"['jako wykonania', 'atwo czyszczenia', 'pojemno', 'szybko nagrzewania']",[]
75,13885544,r...a,Polecam,5/5,Transakcja pochodzi z Marketplace Ceneo (usugi Kup Teraz).,2021-02-02 22:38:05,2021-01-14 11:51:55,0,0,Super,[],[]
76,13215482,t...a,Polecam,5/5,Transakcja pochodzi z Marketplace Ceneo (usugi Kup Teraz).,2020-10-15 06:37:44,2020-10-05 21:21:15,0,0,Super,"['efektywno', 'jako wykonania', 'komfort u偶ytkowania', 'atwo czyszczenia', 'pojemno', 'szybko nagrzewania']",[]
77,17153056,j...1,Polecam,5/5,Transakcja pochodzi z Marketplace Ceneo (usugi Kup Teraz).,2023-02-16 11:18:04,2023-02-15 19:30:41,0,0,Ok,[],[]
78,16020292,p...z,Polecam,5/5,Transakcja pochodzi z Marketplace Ceneo (usugi Kup Teraz).,2022-04-28 14:18:47,2022-04-23 10:31:00,0,0,ok!,[],[]
79,15228475,d...h,Polecam,"4,5/5",Transakcja pochodzi z Marketplace Ceneo (usugi Kup Teraz).,2021-11-19 00:07:59,2021-10-26 14:45:34,0,0,...,"['jako wykonania', 'pojemno', 'szybko nagrzewania']","['b.dobry desing', 'cena', 'drogie akcesoria', 'efektywno', 'komfort u偶ytkowania', 'atwo czyszczenia', 'r贸偶norodno potraw']"
80,17010719,u...l,Polecam,5/5,Transakcja pochodzi z Marketplace Ceneo (usugi Kup Teraz).,2023-01-12 21:24:25,2023-01-04 13:00:43,0,0,Ok,[],[]
81,15929624,s...w,Polecam,5/5,Transakcja pochodzi z Marketplace Ceneo (usugi Kup Teraz).,2022-04-07 10:30:19,2022-04-06 07:30:56,0,0,OK,"['jako wykonania', 'atwo czyszczenia', 'pojemno', 'szybko nagrzewania']",[]
82,14849566,e...9,Polecam,5/5,Transakcja pochodzi z Marketplace Ceneo (usugi Kup Teraz).,2021-08-17 11:10:30,2021-07-24 19:04:54,0,0,ok,[],[]
83,13696612,l...3,Polecam,5/5,Transakcja pochodzi z Marketplace Ceneo (usugi Kup Teraz).,2021-01-02 00:34:46,2020-12-15 08:39:28,0,1,Ok,[],[]
84,13149164,l...o,Polecam,"4,5/5",Transakcja pochodzi z Marketplace Ceneo (usugi Kup Teraz).,2020-10-01 11:32:09,2020-09-14 09:58:37,0,2,Super!!!!,[],[]
85,12993519,U偶ytkownik Ceneo,Polecam,5/5,,2020-08-23 15:29:24,,7,2,"Kupilam i nie 偶auj, genialne urzdzenie warte swojej ceny! Skrzydeka i udka - chrupica sk贸rka, soczysty w rodku.. Frytki robilam raz i wcale nie s suche jeli wczeniej s dobrze wymieszane z oliw i przyprawami, wyszy przepyszne i mo偶e nawet lepsze ni偶 ze zwykej frytownicy 
Jedynie trzeba pilnowa 偶eby nie byo wody w rodku, wszystko musi by osuszone, bo inaczej mo偶e troch zadymi kuchni ;)","['efektywno', 'jako wykonania', 'komfort u偶ytkowania', 'atwo czyszczenia', 'pojemno', 'szybko nagrzewania']",[]
